,Galaxy,re (kpc),rotational velocity,rotational velocity mass (solar mass),star formation rate,star formation density,assymetry,eta average vrot
0,10001-12703,6.826813769866713,0.0,0.22163026,0.0,0.22163026,0.0015137113674005087,8.992994228257022
1,10001-12704,4.920646010144,0.0,-0.8849795,0.0,-0.8849795,-0.011634268571048259,4.915665026392366
2,10213-12703,6.9882648156271125,0.0,-1.0999999,0.0,-1.0999999,-0.007169750896904053,1.5425365203998047
3,10214-12701,8.11762093315709,0.0,-0.57805413,0.0,-0.57805413,-0.0027922937303808642,5.058960168721686
4,10215-9101,4.58610891743216,0.0,-0.86872506,0.0,-0.86872506,-0.013147517217653833,3.2677369762039588
5,10215-9102,4.3788489928841,0.0,-0.099567,0.0,-0.099567,-0.0016528963761068519,3.610613311815357
6,10216-6104,10.458597051384876,0.0,0.5062937,0.0,0.5062937,0.0014733495711570913,6.9065374603927125
7,10217-12702,7.971170165252883,0.0,-0.010169433,0.0,-0.010169433,-5.094513580658808e-05,6.219152585395355
8,10219-12705,3.9979233005086994,0.0,-0.86198825,0.0,-0.86198825,-0.017166531525054842,2.2750310155908524
9,10219-6103,3.7310639356190163,0.0,-1.016171,0.0,-1.016171,-0.023235473783556598,3.088261563508665
10,10220-12701,4.58717652551581,0.0,-0.35589117,0.0,-0.35589117,-0.0053836452109153375,5.699267603445609
11,10220-12702,9.111208493949764,0.0,0.111298025,0.0,0.111298025,0.000426761874561058,7.4983393123903
12,10220-6104,4.827312143153927,0.0,0.3308738,0.0,0.3308738,0.0045196179617856495,7.171062624307021
13,10221-3701,2.984177966752192,0.0,-1.4160818,0.0,-1.4160818,-0.050616140291804626,2.2681681717944326
14,10493-12702,3.911032594748123,0.0,-0.8303447,0.0,-0.8303447,-0.0172792808058664,3.71119685805625
15,10493-12704,5.910642091445685,0.0,-0.96582264,0.0,-0.96582264,-0.008799909040615235,2.985419855025283
16,10496-12701,7.128095280548139,0.0,0.0768349,0.0,0.0768349,0.0004813507772911679,16.83047832755328
17,10496-12703,4.996803390090344,0.0,-0.81357366,0.0,-0.81357366,-0.010371999400194018,8.492879215946537
18,10496-6101,4.778620785143869,0.0,-0.47198266,0.0,-0.47198266,-0.006579168864369499,7.1232138998016
19,10497-3704,1.6263752686850397,0.0,-1.5419271,0.0,-1.5419271,-0.18555490763820104,2.114180453918445
20,10498-12701,6.659650129164107,0.0,-0.4763613,0.0,-0.4763613,-0.0034188793554727303,3.164608336423608
21,10499-9102,8.281309100067546,0.0,0.08137585,0.0,0.08137585,0.0003777006108095798,5.004359503536835
22,10503-12702,6.940335158790054,0.0,0.16338305,0.0,0.16338305,0.0010796829513818435,7.881107668560086
23,10503-12703,7.904651978002399,0.0,-1.5622611,0.0,-1.5622611,-0.007958628632996618,10.306132690136977
24,10503-12704,7.305379963780176,0.0,-0.07276637,0.0,-0.07276637,-0.00043400549254913305,17.335054261563457
25,10503-3703,2.7351950633232804,0.0,-0.7314847,0.0,-0.7314847,-0.03112280794363739,4.804392165097932
26,10503-6102,3.458116504628548,0.0,-0.8268681,0.0,-0.8268681,-0.0220093457208269,3.876403470425249
27,10506-12704,2.756251133577875,0.0,-0.45038247,0.0,-0.45038247,-0.018870961815400263,10.733698411654148
28,10507-12704,6.494006569803512,0.0,-0.11901406,0.0,-0.11901406,-0.0008983032233605588,83.84596697365657
29,10507-3702,3.141364146049637,0.0,-0.6519583,0.0,-0.6519583,-0.02102971426665156,5.768360796591695
30,10508-12704,3.7905217545903507,0.0,-1.3035938,0.0,-1.3035938,-0.028879815308490715,2.7103603394179236
31,10510-9101,3.4694500278075893,0.0,-1.5279546,0.0,-1.5279546,-0.04040538957199031,1.953686107901568
32,10511-12701,7.123310405857152,0.0,-0.21389714,0.0,-0.21389714,-0.0013418110481459324,23.95323546322895
33,10511-6101,3.3330581318878494,0.0,-0.28617766,0.0,-0.28617766,-0.00819974008987059,6.30176513760774
34,10512-9102,4.776962778399279,0.0,-1.2829386,0.0,-1.2829386,-0.01789584808940948,11.82584620787119
35,10514-12705,6.189721543693464,0.0,-0.8593373,0.0,-0.8593373,-0.007139561705637717,4.947123975089907
36,10514-3701,2.626418818186691,0.0,-0.84898245,0.0,-0.84898245,-0.03917607106647018,7.460466747193006
37,10517-12701,3.958962827601073,0.0,-1.5618901,0.0,-1.5618901,-0.03172033450492215,1.7492537658537355
38,10517-12703,15.699799623421145,0.0,0.31996652,0.0,0.31996652,0.00041320584164198027,5.441749539825999
39,10519-12702,4.398189912430516,0.0,-0.091375165,0.0,-0.091375165,-0.001503593168182668,6.198391205375279
40,7443-12704,7.374111402345145,0.0,-0.028678862,0.0,-0.028678862,-0.0001678775639571559,7.7193427211916
41,7495-12702,7.598432035714823,0.0,-0.022080166,0.0,-0.022080166,-0.0001217319279010039,18.761371460244355
42,7495-3702,3.145620178582384,0.0,-0.48204413,0.0,-0.48204413,-0.015506877723053923,3.436202957800706
43,7495-3703,3.446384166616759,0.0,-0.60626256,0.0,-0.60626256,-0.01624738631719375,3.624562602489921
44,7495-6104,4.334532635610928,0.0,-1.0163677,0.0,-1.0163677,-0.01721933663686104,1.8554003465688236
45,7815-6101,2.471939329919874,0.0,-0.7884095,0.0,-0.7884095,-0.04107015533574739,4.148747456869836
46,7957-6102,3.417846455267355,0.0,-1.0896121,0.0,-1.0896121,-0.0296904621966713,3.040423740782587
47,7958-12702,6.721254701624951,0.0,-0.6203196,0.0,-0.6203196,-0.004370840190000462,3.6799155273388346
48,7958-12703,5.478854634823491,0.0,-1.1094155,0.0,-1.1094155,-0.011764265385215895,9.245369931452117
49,7958-12704,8.026283966818163,0.0,-1.127567,0.0,-1.127567,-0.0055713887519431675,19.61870714872078
50,7960-12702,8.432888140709224,0.0,0.92607117,0.0,0.92607117,0.004145164888868417,7.097717784660711
51,7960-6103,3.4435134210695866,0.0,-0.119174734,0.0,-0.119174734,-0.0031991216705925573,3.0723162403456445
52,7962-12705,6.2278525225060015,0.0,-0.8354257,0.0,-0.8354257,-0.006856165713206126,14.499028735200785
53,7964-12704,11.668060040732577,0.0,0.41424596,0.0,0.41424596,0.0009685255938706762,13.921814180328262
54,7964-12705,4.797986622844877,0.0,-1.0826254,0.0,-1.0826254,-0.014969602538070195,1.5829565814612283
55,7972-3701,2.471939329919874,0.0,-0.7884095,0.0,-0.7884095,-0.04107015533574739,4.060535388822213
56,7975-12703,9.495090570547767,0.0,-0.36976045,0.0,-0.36976045,-0.0013054864392827718,15.625830086256327
57,7975-3701,4.564613540758193,0.0,-0.14450558,0.0,-0.14450558,-0.002207632109446441,5.423785045427598
58,7975-9102,3.8153820044479194,0.0,-0.10930227,0.0,-0.10930227,-0.0023900294074732553,10.94772910345185
59,7977-12704,7.008014880429157,0.0,-1.8137711,0.0,-1.8137711,-0.011755539936975588,6.203100709155331
60,7979-12701,5.94333266510643,0.0,0.38953495,0.0,0.38953495,0.0035102373103187054,6.652746816507943
61,7979-12704,6.103536685104231,0.0,-0.6890133,0.0,-0.6890133,-0.005887278970470654,14.815458023112788
62,7979-12705,4.620537008651741,0.0,-0.99692833,0.0,-0.99692833,-0.01486377629987841,2.3949552784760093
63,7979-3703,3.2777661441913666,0.0,-1.1379666,0.0,-1.1379666,-0.03371504355297663,2.9606933158889164
64,7979-6102,3.8546941086026085,0.0,-1.4537736,0.0,-1.4537736,-0.031143475054033115,4.008004726035758
65,7990-12702,6.930403615108616,0.0,-1.0324742,0.0,-1.0324742,-0.006842459929379012,3.147989165223102
66,7990-12703,2.775199587535744,0.0,-0.90454555,0.0,-0.90454555,-0.03738454695618579,4.152810901196438
67,7990-3702,3.1689616071383693,0.0,-0.57236344,0.0,-0.57236344,-0.018142120800352993,2.79206104827242
68,7990-6102,3.474958813617071,0.0,-1.4865031,0.0,-1.4865031,-0.039184709417739064,1.627756477625875
69,7990-9101,4.482199386591048,0.0,-0.31923997,0.0,-0.31923997,-0.005058072504956957,4.3564949711873435
70,7990-9102,4.882701026049036,0.0,-0.59766525,0.0,-0.59766525,-0.007979723947976329,4.701291677347841
71,7991-6102,3.681799067491838,0.0,-1.6147435,0.0,-1.6147435,-0.037916958896147435,0.0
72,7991-6103,3.956996490554422,0.0,-0.2976962,0.0,-0.2976962,-0.006051904867405846,2.956112453905063
73,7992-12703,3.1684974770175365,0.0,-0.6196335,0.0,-0.6196335,-0.019646187410603855,5.1301912864529395
74,7992-3704,5.459741437255176,0.0,-0.39890635,0.0,-0.39890635,-0.004259679515761966,4.694852602632343
75,7993-3701,10.376892118018008,0.0,0.6108433,0.0,0.6108433,0.0018056989239830803,4.181052187212397
76,8077-12702,6.14402145473299,0.0,-0.2543103,0.0,-0.2543103,-0.0021444140659506333,5.591972656117956
77,8077-12703,9.658179629538822,0.0,-0.41111115,0.0,-0.41111115,-0.0014028745031481717,2.841381630409904
78,8077-6102,3.5493682357685326,0.0,-0.41388333,0.0,-0.41388333,-0.01045745353499252,5.918040726032702
79,8077-9101,4.8232484769111235,0.0,0.08676974,0.0,0.08676974,0.0011872416894657515,5.597359545265297
80,8078-12702,5.945907685711132,0.0,-1.5939343,0.0,-1.5939343,-0.014351067878174717,4.319407202977867
81,8078-12704,7.339126337613194,0.0,-0.043333087,0.0,-0.043333087,-0.00025608316552103334,9.47217333699701
82,8078-9101,3.757502768063503,0.0,-0.14002702,0.0,-0.14002702,-0.0031569183112149127,6.486933285727407
83,8079-12701,6.240878194080482,0.0,-0.6700461,0.0,-0.6700461,-0.005475999408482798,3.2740014120795298
84,8079-9102,5.100574616866318,0.0,-0.6118932,0.0,-0.6118932,-0.007486649947000528,4.802910273233953
85,8080-9102,5.670957668689042,0.0,-0.531818,0.0,-0.531818,-0.0052638114748192605,2.65617487466075
86,8081-12703,5.688608076237151,0.0,-0.8213156,0.0,-0.8213156,-0.008078824335015031,2.589765747486286
87,8081-12704,4.897195311129573,0.0,-0.36052004,0.0,-0.36052004,-0.004785030186647589,25.514184256691628
88,8081-1901,2.001391737858104,0.0,0.20589769,0.0,0.20589769,0.01636203788647328,11.252922534372686
89,8082-12703,4.330661638309823,0.0,-0.13768253,0.0,-0.13768253,-0.002336794117960353,22.194527919277725
90,8082-3702,2.6373365016115953,0.0,-0.88488376,0.0,-0.88488376,-0.04049535975295482,3.3296967393444215
91,8083-12701,4.297684220236751,0.0,-0.69942176,0.0,-0.69942176,-0.012053696871248654,2.6764242407329233
92,8083-3703,2.8749506461400447,0.0,-0.31196558,0.0,-0.31196558,-0.012014232342091414,7.248154853917423
93,8083-6101,7.6346123551729725,0.0,-0.5525698,0.0,-0.5525698,-0.0030176112926154925,0.08236819049260007
94,8084-12704,5.325717274086411,0.0,-0.28442603,0.0,-0.28442603,-0.003192002754222875,3.365015404104172
95,8084-12705,5.21407044297834,0.0,-0.37780002,0.0,-0.37780002,-0.004423421378756601,8.20421114433442
96,8085-3701,2.669074180328221,0.0,-0.48626828,0.0,-0.48626828,-0.02172725100818648,6.465792458034557
97,8086-12702,8.48010116391515,0.0,-2.062278,0.0,-2.062278,-0.009128412909190593,28.486494958875554
98,8086-12703,5.340429430135402,0.0,-0.28239417,0.0,-0.28239417,-0.0031517625720796035,6.022482925117594
99,8086-3704,2.7265540869311327,0.0,-0.3176827,0.0,-0.3176827,-0.013602397941978737,4.394254778065448
100,8097-12701,33.41497700314008,0.0,-1.2942445,0.0,-1.2942445,-0.00036896411697680574,
101,8097-3702,3.031056945643165,0.0,-1.3656933,0.0,-1.3656933,-0.0473167736928,
102,8131-12703,5.839894328264878,0.0,0.107209235,0.0,0.107209235,0.0010006273027431817,6.311968363683711
103,8135-12705,5.565021214375874,0.0,-0.6998488,0.0,-0.6998488,-0.007193175943085748,4.926608995968417
104,8137-12701,4.94513192529066,0.0,-0.37142855,0.0,-0.37142855,-0.004834701274467817,3.324956633629224
105,8137-12705,5.87620491631705,0.0,-0.09120866,0.0,-0.09120866,-0.0008407992855473889,4.6579794026299695
106,8137-3704,4.0806053950752075,0.0,-0.061938293,0.0,-0.061938293,-0.0011840230649102956,6.8744374652640445
107,8138-12702,6.225588407828059,0.0,0.22649178,0.0,0.22649178,0.0018601234203356647,5.685013079893276
108,8138-12705,6.5369986213636615,0.0,0.053930297,0.0,0.053930297,0.0004017224998201007,7.898066724411967
109,8138-6101,4.115341932191391,0.0,0.10355723,0.0,0.10355723,0.0019463399537473205,8.545878768052688
110,8138-6103,4.260757136348615,0.0,0.07224416,0.0,0.07224416,0.0012667161634082283,7.5184684656889305
111,8139-12701,3.40783370344651,0.0,-0.87659883,0.0,-0.87659883,-0.024026705705596348,2.3647560372871936
112,8139-12704,3.025722515063097,0.0,-0.7902741,0.0,-0.7902741,-0.027477022745487894,7.671968837486561
113,8139-3703,7.440019164341649,0.0,0.04238892,0.0,0.04238892,0.00024375546861393733,5.795840995046502
114,8139-6104,9.956278917489877,0.0,-0.5507405,0.0,-0.5507405,-0.001768491665101333,5.747585690208226
115,8140-12702,4.523595142991262,0.0,-0.05380596,0.0,-0.05380596,-0.0008369760700666284,8.759048312971945
116,8141-12705,5.654166419631366,0.0,-0.8399158,0.0,-0.8399158,-0.008362742232651384,2.2102284579521037
117,8141-3701,3.9720353510654376,0.0,-0.0072397776,0.0,-0.0072397776,-0.00014606600194731398,10.38955342999484
118,8143-12703,5.034737572789287,0.0,-0.8385349,0.0,-0.8385349,-0.01052973856341791,5.353846423605221
119,8143-12705,5.340943208917462,0.0,-0.6223684,0.0,-0.6223684,-0.00694483189337256,2.9227359559296398
120,8143-9101,4.610534583052232,0.0,-0.41463417,0.0,-0.41463417,-0.006208871145277656,7.6790558185685
121,8144-12702,9.804632467303495,0.0,0.28315425,0.0,0.28315425,0.0009375848336412709,4.645409652799479
122,8144-12705,8.589789053567936,0.0,0.6880437,0.0,0.6880437,0.002968254680035349,10.78311659588423
123,8144-3704,7.314227787247499,0.0,-0.35754183,0.0,-0.35754183,-0.002127355263970895,2.2693973401287915
124,8144-9101,2.6163193215995992,0.0,-1.1681818,0.0,-1.1681818,-0.0543224135573803,5.5019077328229535
125,8145-12701,7.181102049417118,0.0,-0.3725552,0.0,-0.3725552,-0.0022996331238046676,3.0717619788781487
126,8145-12705,5.424788913427901,0.0,-2.9850523,0.0,-2.9850523,-0.032287646609532726,2.901751092328896
127,8147-12705,5.562343026501347,0.0,-0.9172414,0.0,-0.9172414,-0.009436658464142652,31.452882792698695
128,8148-6102,3.2651723171478197,0.0,-1.169209,0.0,-1.169209,-0.034908409883666655,2.5588295371176946
129,8149-12701,9.441715154329184,0.0,-1.0697454,0.0,-1.0697454,-0.0038196957846454963,4.508510475423333
130,8149-12703,7.056411354209764,0.0,0.11637678,0.0,0.11637678,0.000743958454656151,4.299277294004706
131,8150-12705,5.745059763558819,0.0,-0.49972144,0.0,-0.49972144,-0.004819355978888326,4.281751098497191
132,8150-6103,4.90983974713106,36.522419738769585,-0.60057294,1591004370.0443828,-0.60057294,-0.007930147323346135,
133,8152-12702,5.6776914795277325,0.0,-0.77285266,0.0,-0.77285266,-0.007631383057766779,2.531723508533684
134,8155-1901,1.9803326412683813,0.0,-1.4087677,0.0,-1.4087677,-0.11434395801455295,3.2031185887879676
135,8156-12705,6.53390307356428,0.0,0.0,0.0,0.0,0.0,5.494484681253654
136,8156-9102,5.129223221385109,0.0,-0.12683439,0.0,-0.12683439,-0.0015345603087728301,6.572826557356489
137,8158-12701,10.293994349243201,0.0,-99.0,0.0,-99.0,-0.2973839124793275,4.524966483928417
138,8158-12705,4.147303182436287,0.0,-0.7115754,0.0,-0.7115754,-0.013168596062201512,4.763053583759747
139,8239-1902,6.141859186721153,0.0,-0.34744516,0.0,-0.34744516,-0.00293181581529089,6.8912343908631195
140,8239-6102,6.323504943889377,0.0,-0.45375475,0.0,-0.45375475,-0.0036120652710303885,3.398088607608287
141,8241-12703,6.207266973716781,0.0,-0.22757193,0.0,-0.22757193,-0.0018800438509707779,5.500654335876377
142,8244-12705,5.487840424006467,0.0,-1.2200599,0.0,-1.2200599,-0.012895207108227997,1.7752780322645134
143,8245-12701,6.2626307177239315,0.0,-0.38028675,0.0,-0.38028675,-0.003086368068838017,6.194844784138096
144,8247-12705,6.126795611589714,0.0,-0.25013697,0.0,-0.25013697,-0.0021211004173120602,3.6253500326041954
145,8248-12701,7.523421715328713,0.0,0.09178567,0.0,0.09178567,0.0005161717048169068,10.67799545274432
146,8248-12702,8.153147442567354,0.0,-0.10730331,0.0,-0.10730331,-0.0005138219339604104,11.177563694868258
147,8249-12701,3.573271771838729,0.0,-0.4508168,0.0,-0.4508168,-0.011238753138607425,6.537814155083144
148,8249-12702,6.375818167849243,0.0,-1.0817757,0.0,-1.0817757,-0.008470625653626461,46.139828879861014
149,8249-1901,2.111216605275766,0.0,-0.11051465,0.0,-0.11051465,-0.007892314570227267,22.192711046314123
150,8249-9102,7.831540973340035,0.0,-1.0644736,0.0,-1.0644736,-0.005524469563945719,
151,8250-12705,3.4340809286605496,0.0,-0.6626866,0.0,-0.6626866,-0.01788698966156104,4.171080945325871
152,8252-12703,5.492969024976628,0.0,0.18424502,0.0,0.18424502,0.001943710521954568,10.928717726873764
153,8252-9101,4.075057024919348,0.0,0.10971804,0.0,0.10971804,0.002103104175633976,17.496835812252257
154,8253-12701,6.357571819512513,0.0,-0.38281253,0.0,-0.38281253,-0.0030147667832774727,5.396917994066341
155,8253-12704,4.725155300187153,0.0,-0.23745547,0.0,-0.23745547,-0.00338532318984649,6.571715945498497
156,8254-12702,4.705811444807136,0.0,-0.44816884,0.0,-0.44816884,-0.006442030042314955,3.9029576673707753
157,8254-3703,2.5379178889197536,0.0,-1.5320225,0.0,-1.5320225,-0.07571120010235034,2.5492730702433843
158,8255-12704,4.888643680529521,0.0,-0.004871767,0.0,-0.004871767,-6.48873249163481e-05,4.67657740202965
159,8256-12701,2.9293758536348573,0.0,-0.517699,0.0,-0.517699,-0.019203361665549607,9.376667649851376
160,8257-12702,6.905890595354629,0.0,-0.22602731,0.0,-0.22602731,-0.0015085914978286992,8.256719334313303
161,8257-12705,11.761822596385802,0.0,0.22739287,0.0,0.22739287,0.000523212023691239,26.81327820224847
162,8257-9101,4.349753014393811,0.0,-0.29796624,0.0,-0.29796624,-0.005012887926380133,7.299771411379144
163,8258-12703,13.457471658518967,0.0,0.62932867,0.0,0.62932867,0.0011061160533682652,19.67144251920854
164,8259-12702,5.282532647712759,0.0,-1.6059523,0.0,-1.6059523,-0.018318857289938335,10.402256169855503
165,8259-12703,5.452531252240046,0.0,-0.7365894,0.0,-0.7365894,-0.007886408132775993,3.802528882153595
166,8259-6102,4.176234282752645,0.0,-0.8772727,0.0,-0.8772727,-0.0160108742308531,3.112715548877679
167,8260-12705,5.923164894688487,0.0,-1.0748602,0.0,-1.0748602,-0.009752017440790985,2.674198284938986
168,8260-6101,3.03639798759208,0.0,0.0696674,0.0,0.0696674,0.0024052616878253896,18.1294988704081
169,8261-12704,10.636992054062626,0.0,-0.4774999,0.0,-0.4774999,-0.0013433393750496433,4.563414524624708
170,8262-12701,5.543054062130886,0.0,-0.45186317,0.0,-0.45186317,-0.0046812177494312355,2.963237899365275
171,8262-12702,4.875181834157128,0.0,-0.43222883,0.0,-0.43222883,-0.005788715755185807,3.9047767379863076
172,8262-12705,13.11850118857044,0.0,-0.026644584,0.0,-0.026644584,-4.928226162913286e-05,9.360076531549856
173,8262-3704,2.6221509116586312,0.0,-0.9164798,0.0,-0.9164798,-0.04242849930733372,3.624343339658541
174,8263-12701,6.3620047638356,0.0,-0.029561875,0.0,-0.029561875,-0.0002324845674800114,4.229134017515101
175,8263-12702,6.2695914164916635,0.0,-0.8411289,0.0,-0.8411289,-0.006811365676842549,4.301039971467052
176,8274-12701,2.9293758536348573,0.0,-0.517699,0.0,-0.517699,-0.019203361665549607,8.239970604586793
177,8309-12701,10.184270022837941,0.0,-0.106164314,0.0,-0.106164314,-0.000325813348594926,6.823831475321111
178,8309-12705,5.3509993883406075,0.0,-0.52692294,0.0,-0.52692294,-0.005857704131225681,3.735884038772179
179,8311-12704,4.175652950559486,0.0,-0.6247761,0.0,-0.6247761,-0.01140580021510436,4.121066021248828
180,8312-6101,0.0,0.0,-1.2130282,0.0,-1.2130282,-inf,0.0
181,8315-12704,6.495257091025426,0.0,-0.14734228,0.0,-0.14734228,-0.0011116928705840739,6.953898157870368
182,8317-6101,4.886619646372399,0.0,-0.32110462,0.0,-0.32110462,-0.004280353156251987,4.196343811184617
183,8317-6104,5.651017741051658,0.0,-0.8027775,0.0,-0.8027775,-0.008001879242535087,3.4442976815735697
184,8318-12702,9.342423960553342,0.0,0.1500001,0.0,0.1500001,0.000547044327438065,6.488176500396737
185,8319-12705,12.473044967113449,0.0,0.24223305,0.0,0.24223305,0.0004956082804739022,9.024601247571686
186,8320-12702,6.871470912811008,0.0,-0.37604168,0.0,-0.37604168,-0.0025350509209937006,10.565485180015104
187,8320-12703,7.255726012580721,0.0,-0.058268975,0.0,-0.058268975,-0.0003523106404316038,21.540723130118906
188,8323-6103,3.129726365854531,0.0,0.16860482,0.0,0.16860482,0.005479076681883226,7.9033422800665205
189,8323-6104,2.309571015135942,0.0,-1.5343137,0.0,-1.5343137,-0.09155912699479982,2.9206219135832643
190,8323-9102,4.341315162777724,0.0,-0.1730526,0.0,-0.1730526,-0.002922709228714424,5.695033877781488
191,8324-12701,5.640257651185001,0.0,0.7394496,0.0,0.7394496,0.007398792214260829,7.234576716838947
192,8324-12705,6.168098482535297,0.0,-0.828936,0.0,-0.828936,-0.0069353521840609675,2.254940730691699
193,8324-3702,3.0122300520988774,0.0,-0.5793341,0.0,-0.5793341,-0.02032370724936034,4.353691222724565
194,8324-6102,3.9861221947433227,0.0,-0.7339385,0.0,-0.7339385,-0.014703089148673881,3.694677526537248
195,8324-6103,3.5364099063185477,0.0,0.07303671,0.0,0.07303671,0.0018589431992285228,3.716426033235166
196,8324-6104,5.466825754583557,0.0,-0.21243767,0.0,-0.21243767,-0.0022626178150700273,5.37574267008962
197,8325-3701,3.5253166122283552,0.0,-0.12134614,0.0,-0.12134614,-0.0031079915737566403,12.521662716922112
198,8325-3702,2.5173585221889603,0.0,-0.8818945,0.0,-0.8818945,-0.04429723627959018,3.230545891231766
199,8325-3703,9.174360494414998,0.0,-0.19647223,0.0,-0.19647223,-0.0007430186145904095,3.351431454246054
200,8326-12704,6.603545059396294,0.0,-0.4984326,0.0,-0.4984326,-0.0036383316245410225,4.170833741087722
201,8328-12705,6.218452723615455,0.0,0.12906979,0.0,0.12906979,0.0010624538087721867,5.5371768730195265
202,8329-12703,5.007146156886047,0.0,-0.09921456,0.0,-0.09921456,-0.0012596358332236978,5.610237970635868
203,8329-9102,3.3720027087123814,0.0,-1.1371211,0.0,-1.1371211,-0.0318332521106112,4.956861562471787
204,8330-12704,6.605609305940514,0.0,-0.51624537,0.0,-0.51624537,-0.003766001824203886,4.892036238871004
205,8330-9102,4.977353387253114,0.0,-0.99417174,0.0,-0.99417174,-0.01277363751951534,6.515178929162311
206,8331-1902,6.953211540548311,0.0,0.2293613,0.0,0.2293613,0.001510077984545167,12.509214383583311
207,8331-3703,6.020447030888167,0.0,0.867094,0.0,0.867094,0.007614805572246617,11.377426875581975
208,8332-3704,3.1373060995447055,0.0,-0.009173074,0.0,-0.009173074,-0.0002966546959179849,6.1417322594084185
209,8332-9102,5.845015522004758,0.0,0.49449039,0.0,0.49449039,0.004607195498743933,11.74656013121735
210,8333-12703,6.530293807692845,0.0,-0.3830317,0.0,-0.3830317,-0.002859034515098134,20.451476851321974
211,8334-12704,4.366909931436601,0.0,0.047287002,0.0,0.047287002,0.0007893024313616872,5.869952091611166
212,8336-3702,1.8851812266676728,0.0,-1.8514562,0.0,-1.8514562,-0.16582780380766454,0.658002270949892
213,8336-9101,4.019789441831369,0.0,-0.6219512,0.0,-0.6219512,-0.012251798420563148,5.87203591075429
214,8337-12701,6.028681032146722,0.0,-0.60026306,0.0,-0.60026306,-0.005257110809930482,2.390694376862804
215,8337-12704,5.313622096180132,0.0,-0.33536828,0.0,-0.33536828,-0.003780861570363067,8.115541240546941
216,8337-9101,3.4550082245888216,0.0,-1.1538833,0.0,-1.1538833,-0.030769033768049407,2.3267768465358207
217,8337-9102,3.6948602241188264,0.0,-0.48880774,0.0,-0.48880774,-0.01139704260960222,7.189400647943206
218,8338-12702,6.772594569103198,0.0,-0.6178445,0.0,-0.6178445,-0.004287648469244823,8.227824658907675
219,8338-6103,5.134042492054842,0.0,-0.44673896,0.0,-0.44673896,-0.005394920347015329,2.7110765569459447
220,8341-12701,4.674504970642048,0.0,-0.251983,0.0,-0.251983,-0.003670710170101108,7.963952539406808
221,8341-6103,3.141322144848398,0.0,-0.4910569,0.0,-0.4910569,-0.01584006589330249,9.533849360945323
222,8439-6103,3.9079261565289696,0.0,0.16950837,0.0,0.16950837,0.003533040141161956,14.530317650223108
223,8440-3704,2.6430178719045867,0.0,-0.5836457,0.0,-0.5836457,-0.02659495249764163,2.6711566669999254
224,8440-9102,4.4565596267569925,0.0,-0.62847024,0.0,-0.62847024,-0.010072456556463666,5.248730243709694
225,8442-12701,6.5635118978975155,0.0,0.74508774,0.0,0.74508774,0.005505350740258296,13.368127984604726
226,8442-6102,5.403833740962024,0.0,0.22582318,0.0,0.22582318,0.0024615841484703412,9.939662412674263
227,8443-9102,5.21234764228814,0.0,0.065384716,0.0,0.065384716,0.0007660544157453728,2.0913922613449456
228,8444-12704,4.370608940261947,0.0,-0.5847714,0.0,-0.5847714,-0.009744338179244173,3.03956687576682
229,8445-12704,4.81628132578525,0.0,-0.809714,0.0,-0.809714,-0.011111126510940044,5.603500950175094
230,8445-12705,8.838605750006987,0.0,-0.03575561,0.0,-0.03575561,-0.0001456890034324219,7.302065353318882
231,8445-9102,4.401090522654076,0.0,-0.20227748,0.0,-0.20227748,-0.00332412282559241,11.130805310461334
232,8446-12701,6.116521264238717,0.0,-0.53767884,0.0,-0.53767884,-0.004574715505415663,8.377800270635365
233,8446-12702,7.574440186993067,0.0,0.016712772,0.0,0.016712772,9.272514642625943e-05,7.949392161869939
234,8446-12703,9.43658321143282,0.0,-0.7607526,0.0,-0.7607526,-0.002719343283534952,9.120953405213811
235,8446-6101,3.210153106945036,0.0,-1.4290322,0.0,-1.4290322,-0.04414084586588834,1.9875827682475387
236,8448-12704,4.791473355718207,0.0,-0.21365234,0.0,-0.21365234,-0.002962235834070197,9.293015530564727
237,8448-6102,3.3377773060463256,0.0,-0.6515087,0.0,-0.6515087,-0.01861468212639854,4.069183744798968
238,8449-12703,8.86996092753066,0.0,-0.46522376,0.0,-0.46522376,-0.0018822122700940668,4.819472321344212
239,8449-6104,3.1094511971905843,0.0,-1.4324074,0.0,-1.4324074,-0.04715732774507097,1.9328347863713409
240,8450-12703,7.108046704299007,0.0,-0.9046962,0.0,-0.9046962,-0.005699704764986066,2.022539016241149
241,8451-12705,7.926910029207603,0.0,-0.01681277,0.0,-0.01681277,-8.516899711814277e-05,8.832461558588793
242,8452-12702,10.962175527622588,0.0,-0.7828887,0.0,-0.7828887,-0.0020737512185278395,5.314709418241307
243,8453-1902,2.273999599545361,0.0,-0.5440889,0.0,-0.5440889,-0.03349185679323008,8.876873582373891
244,8455-12705,8.903938272301934,0.0,-0.0027687137,0.0,-0.0027687137,-1.111639329101061e-05,5.001236429518896
245,8455-6102,4.26411968729542,0.0,-0.8470929,0.0,-0.8470929,-0.014829360065297944,3.2756998496343535
246,8456-12702,6.799974039429929,0.0,-0.11696967,0.0,-0.11696967,-0.0008052094679682967,7.174562708723535
247,8456-12705,7.560452143217211,0.0,-0.74183095,0.0,-0.74183095,-0.0041310412879967135,60.054977760896286
248,8458-3701,1.612422007621468,0.0,-0.4860998,0.0,-0.4860998,-0.0595138634050186,8.415792886911502
249,8461-12705,4.131385076869123,0.0,-0.60574704,0.0,-0.60574704,-0.011296660523813654,4.8093025894957355
250,8462-9102,3.786664118206658,0.0,-0.4411703,0.0,-0.4411703,-0.009793610575843612,4.728128904903825
251,8464-12703,6.816289724183546,0.0,-0.96152467,0.0,-0.96152467,-0.006587406641076769,3.792606363163639
252,8465-12702,4.613781287513091,0.0,-0.77867115,0.0,-0.77867115,-0.011643678420157032,3.6855002893271345
253,8465-12703,8.876636210603143,0.0,0.24196433,0.0,0.24196433,0.0009774726697065737,4.869829952204091
254,8465-12704,6.823267890482231,0.0,0.21246873,0.0,0.21246873,0.0014526477002343144,8.602379967442442
255,8465-3703,3.4685586955830994,0.0,-0.19109428,0.0,-0.19109428,-0.005055914453579941,13.690057248892034
256,8465-9101,4.192191782968882,0.0,0.21030065,0.0,0.21030065,0.003808978016688914,6.644027745174724
257,8466-12701,6.5644087690317745,0.0,-0.5541156,0.0,-0.5541156,-0.004093165125966528,2.8894163622312625
258,8466-12703,4.929541317065877,0.0,-0.52289146,0.0,-0.52289146,-0.006849338906181377,4.498739826868882
259,8481-12702,8.458576963753453,0.0,0.1365385,0.0,0.1365385,0.0006074501754909389,4.939178700546181
260,8481-12705,6.91896137359529,0.0,0.017403381,0.0,0.017403381,0.00011571827253139755,8.079932308700604
261,8481-3701,5.0218782707536205,0.0,-0.12107691,0.0,-0.12107691,-0.001528196144173944,4.928132299576616
262,8483-12701,9.089952267507195,0.0,0.14494261,0.0,0.14494261,0.0005583711920758605,10.714000704026109
263,8483-3704,3.7679199076529986,0.0,-0.668942,0.0,-0.668942,-0.014998065632194219,4.760512840483606
264,8484-12704,7.706432405610489,0.0,0.21198179,0.0,0.21198179,0.0011361663743001448,5.169274450423753
265,8484-3704,8.457237473096246,0.0,0.3198911,0.0,0.3198911,0.0014236237583837032,15.532580134504617
266,8484-6101,5.96506270264713,0.0,-0.81071407,0.0,-0.81071407,-0.007252501196261173,5.539304514086597
267,8485-3704,4.376025413568521,0.0,-0.35883078,0.0,-0.35883078,-0.005964583808400148,3.9857992776563007
268,8485-6103,3.6590844126076596,0.0,-0.24802507,0.0,-0.24802507,-0.005896589018145765,21.838018435332895
269,8486-12703,5.3736975894137755,0.0,-0.94401824,0.0,-0.94401824,-0.010406005961474875,3.816213594585414
270,8486-12704,4.345307654471586,0.0,-1.1024,0.0,-1.1024,-0.018584387364453153,2.169740940177164
271,8486-6104,2.4338668205809597,0.0,-0.95297277,0.0,-0.95297277,-0.05120790376856,5.540635886537122
272,8547-12702,7.93489844119331,0.0,0.031567916,0.0,0.031567916,0.00015959280141123348,10.613630066972522
273,8547-12704,7.070911503957425,0.0,-0.23343553,0.0,-0.23343553,-0.001486162420702859,5.853144389005257
274,8547-12705,5.179232263997501,0.0,-0.46179345,0.0,-0.46179345,-0.005479830475483433,7.46912692862497
275,8547-9102,4.457805036968766,0.0,0.682569,0.0,0.682569,0.010933383040028707,12.914018489662961
276,8548-12701,8.396210214207981,0.0,-0.11610166,0.0,-0.11610166,-0.0005242300948192105,5.3753069305271906
277,8549-12704,3.8153700034053064,0.0,-1.6218286,0.0,-1.6218286,-0.03546351250380614,5.40298244157289
278,8550-3702,2.912502323951067,0.0,-1.2824817,0.0,-1.2824817,-0.04812477731432887,4.671802345154648
279,8550-9101,5.175479553561173,0.0,-0.4171951,0.0,-0.4171951,-0.004957790190801548,2.5334970691317604
280,8551-12704,5.680119393711668,0.0,-0.2952447,0.0,-0.2952447,-0.0029128444907003184,11.779617096839491
281,8551-6104,3.3695567437522946,0.0,-0.24932249,0.0,-0.24932249,-0.006989820647468081,9.037183452643399
282,8552-12702,4.509284319182135,0.0,-0.02384779,0.0,-0.02384779,-0.0003733215285551236,8.046313973324517
283,8553-12701,4.994434290350204,0.0,-0.61735666,0.0,-0.61735666,-0.007877957910566887,5.113220377728077
284,8555-12703,11.041315335417249,0.0,0.26150948,0.0,0.26150948,0.0006828038081564442,4.0137154742381735
285,8568-6103,10.132250814346216,0.0,0.03226679,0.0,0.03226679,0.0001000446805580894,23.121304665173167
286,8588-12701,6.088607825366157,0.0,-0.38453043,0.0,-0.38453043,-0.003301754909638722,4.614241071449672
287,8588-12704,7.019367914126569,0.0,-0.54560786,0.0,-0.54560786,-0.0035248020868506543,6.596734847007658
288,8588-12705,6.896207219726023,0.0,0.21601036,0.0,0.21601036,0.0014457863033606397,6.580196544664824
289,8588-6104,4.388976805537168,0.0,-0.87628573,0.0,-0.87628573,-0.014480024482327472,6.400572812659593
290,8591-12703,6.158512091309617,0.0,-0.6988762,0.0,-0.6988762,-0.005865415502747254,2.3391113173824483
291,8592-6104,4.197089119065989,0.0,-0.83524984,0.0,-0.83524984,-0.015092811472499496,10.513184589451456
292,8595-3704,6.104593344655686,0.0,-0.09498766,0.0,-0.09498766,-0.0008113417819708871,2.8418694492149967
293,8597-12705,5.2907117369139485,0.0,-0.34056833,0.0,-0.34056833,-0.003872810013012119,4.962176197579552
294,8597-6101,3.74383777647681,0.0,-1.4444444,0.0,-1.4444444,-0.03280325333223807,
295,8600-3701,4.620776864473311,0.0,-0.67799395,0.0,-0.67799395,-0.010107551286531692,2.5915075772062055
296,8600-6102,4.049864208216424,0.0,-0.5605608,0.0,-0.5605608,-0.010879074375520959,2.8727584279820357
297,8600-6104,4.253517216994807,0.0,0.075174876,0.0,0.075174876,0.0013225937164666292,6.118514756422953
298,8601-6103,4.279353081852852,0.0,0.027593466,0.0,0.027593466,0.00047962314609289926,3.0491816661168327
299,8602-6101,2.817973857773149,0.0,-1.4535714,0.0,-1.4535714,-0.05826564903426422,2.667571714411788
300,8602-9102,5.4333221831973635,0.0,-0.7454248,0.0,-0.7454248,-0.00803753823730766,0.0
301,8603-6103,3.5169208540248227,0.0,0.020905668,0.0,0.020905668,0.0005380083113634652,5.8262203178046725
302,8606-3704,3.0423982111348717,0.0,-1.53275,0.0,-1.53275,-0.05270955394159101,0.8903676663837219
303,8611-6104,2.4109178997056904,0.0,-0.65382725,0.0,-0.65382725,-0.03580538118414831,4.9504625721622535
304,8612-12701,5.401181414431007,0.0,-0.7041665,0.0,-0.7041665,-0.007683302655743795,2.619468024407419
305,8612-12703,3.5958518976979343,0.0,-0.50964904,0.0,-0.50964904,-0.012546359977425177,4.175269204765545
306,8612-12704,5.582631622284559,0.0,-0.06878027,0.0,-0.06878027,-0.00070248342454298,8.204754533591402
307,8615-12702,8.453382033869653,0.0,-0.9081607,0.0,-0.9081607,-0.004045310223391153,36.90451734619631
308,8615-9101,6.106800413667073,0.0,-0.18932278,0.0,-0.18932278,-0.0016159412155658064,5.345380274695021
309,8616-12705,0.0,0.0,-0.47484332,0.0,-0.47484332,-inf,0.0
310,8618-12701,6.366119936078864,0.0,-1.4819893,0.0,-1.4819893,-0.011639800913196578,0.990187511366857
311,8619-12704,2.7323769798384516,0.0,-0.99142087,0.0,-0.99142087,-0.04226948401689336,2.6654173675337365
312,8623-12702,8.04785348097761,0.0,-0.13482763,0.0,-0.13482763,-0.0006626266546587025,9.331057576494542
313,8624-12702,7.031768301994309,0.0,0.5393901,0.0,0.5393901,0.0034723539148304927,9.56941872422391
314,8624-12705,5.944579061682679,0.0,-0.25712326,0.0,-0.25712326,-0.002316057199947258,6.298683988242432
315,8651-12701,8.944655093999435,0.0,-0.27847207,0.0,-0.27847207,-0.0011079102145240415,6.876672774216793
316,8655-12702,6.138664990137223,0.0,-0.24283624,0.0,-0.24283624,-0.002051236594052331,3.9698794848843013
317,8655-12703,7.257838842523225,0.0,-0.67982054,0.0,-0.67982054,-0.004107993678714173,33.07514212718994
318,8655-6103,3.2216248781741483,0.0,-0.8670774,0.0,-0.8670774,-0.026592432063931845,1.8630324958594515
319,8656-12701,7.861693047359769,0.0,-0.5670559,0.0,-0.5670559,-0.0029204099529523604,4.7575082646491005
320,8657-12703,6.717349707720608,0.0,-0.13502419,0.0,-0.13502419,-0.0009525017690833886,2.5366852391736696
321,8711-1902,1.67970055337493,0.0,-0.8294406,0.0,-0.8294406,-0.09357755271144919,5.707999529853091
322,8712-9102,4.3889945412788105,0.0,-1.4979532,0.0,-1.4979532,-0.024752455258050733,
323,8713-12703,5.353157398929116,0.0,-0.3265276,0.0,-0.3265276,-0.0036270203420710636,4.814920180514065
324,8713-3701,4.014292297953353,0.0,-2.1164103,0.0,-2.1164103,-0.04180536314397678,2.7085808378610317
325,8714-12704,4.650968409836239,0.0,-0.9513421,0.0,-0.9513421,-0.01399909841463648,2.845573451718402
326,8714-1901,3.9111346407641863,0.0,-1.5316327,0.0,-1.5316327,-0.03187125849727722,9.706450545543674
327,8715-6102,2.952583855010097,0.0,-0.6456882,0.0,-0.6456882,-0.023575910798535105,4.475710634551037
328,8715-6103,3.297829191401496,0.0,-0.8575117,0.0,-0.8575117,-0.025097696625720044,3.1470791480676397
329,8716-12704,5.546897177898013,0.0,-0.038344376,0.0,-0.038344376,-0.00039669028856048735,3.4821424593458197
330,8716-3704,4.597277288218787,0.0,-0.7326018,0.0,-0.7326018,-0.011033586973153806,3.6003912020088498
331,8716-6102,3.431346632375105,0.0,0.1358696,0.0,0.1358696,0.003673188895708617,2.7833837315098955
332,8717-12701,7.7392866901066695,0.0,-0.24193545,0.0,-0.24193545,-0.0012857240302004715,4.786147079615957
333,8717-12704,5.841145793641655,0.0,-0.7923586,0.0,-0.7923586,-0.0073922355716101555,2.4881408594288077
334,8717-12705,3.7014778320281767,0.0,-1.3621794,0.0,-1.3621794,-0.031647115317797854,2.34176068693087
335,8719-12701,9.626028437132083,0.0,0.47636068,0.0,0.47636068,0.0016364085952597712,5.505166073969126
336,8719-12704,5.230176589622769,0.0,-0.9848802,0.0,-0.9848802,-0.011460427888569663,2.5477116366172656
337,8719-12705,5.024867408576919,0.0,-0.32934764,0.0,-0.32934764,-0.004151982080290386,4.13297081639511
338,8719-6101,3.9718373240803517,0.0,-0.52601,0.0,-0.52601,-0.010613563034598084,3.7397842028143007
339,8719-9102,5.461752625491957,0.0,-0.2126608,0.0,-0.2126608,-0.0022692039315254965,4.033801357783041
340,8720-12704,3.331469210890709,0.0,-0.8487841,0.0,-0.8487841,-0.024343092501146323,7.930882863397696
341,8724-12705,6.005031049058516,0.0,-0.5044262,0.0,-0.5044262,-0.004452636402058155,3.939751758355121
342,8726-12703,3.5172034848691722,0.0,-0.75051546,0.0,-0.75051546,-0.01931144542307316,3.3334716704134353
343,8727-12703,4.407104275846407,0.0,-0.8384614,0.0,-0.8384614,-0.01374125971194798,3.120362024509812
344,8727-12704,4.215776437253779,0.0,-0.4854447,0.0,-0.4854447,-0.008694302413907723,4.352797382679226
345,8727-1902,2.6227206420770046,0.0,-1.5614649,0.0,-1.5614649,-0.07225672714322182,
346,8727-6102,3.2451632860149906,0.0,-0.7413265,0.0,-0.7413265,-0.02240714635276422,3.2527292957104628
347,8727-6104,3.2266070850115796,0.0,-0.85684747,0.0,-0.85684747,-0.026197598222422812,3.2249808248329126
348,8728-6103,2.89250672815138,0.0,-0.57260936,0.0,-0.57260936,-0.021785113064612855,3.922632372005924
349,8728-9101,3.8136155660368827,0.0,-0.9405043,0.0,-0.9405043,-0.020584347049373956,3.232243548004172
350,8931-12703,3.685111109437177,0.0,-1.2236111,0.0,-1.2236111,-0.028680873079939086,
351,8931-6101,3.0970675386577975,0.0,-2.0511904,0.0,-2.0511904,-0.06806984239178988,5.595937083527732
352,8932-12702,4.372687319660235,0.0,-1.7851851,0.0,-1.7851851,-0.02971916027531762,
353,8932-3703,2.1860740642934506,0.0,-1.7581395,0.0,-1.7581395,-0.11710453470977351,
354,8932-3704,2.79001102710483,0.0,-1.6424835,0.0,-1.6424835,-0.06716442422047375,
355,8933-12701,5.489613046850292,0.0,0.049025528,0.0,0.049025528,0.0005178320688805926,7.784984501954284
356,8934-1901,1.9322500545290446,0.0,-1.3402271,0.0,-1.3402271,-0.11426201405623279,0.0
357,8934-1902,1.5519654054529004,0.0,-1.7631068,0.0,-1.7631068,-0.2330046997297945,
358,8934-6103,2.7638617618271715,0.0,-1.6288818,0.0,-1.6288818,-0.0678745661274907,
359,8935-12701,4.882470485456484,0.0,-1.167647,0.0,-1.167647,-0.015591304138198175,
360,8935-12704,0.0,0.0,-0.6783018,0.0,-0.6783018,-inf,0.0
361,8937-12701,8.345142218776076,0.0,0.03907578,0.0,0.03907578,0.0001786036400076585,6.59727451406401
362,8937-12703,8.072494237970139,0.0,-0.66009617,0.0,-0.66009617,-0.0032243475790176405,2.0399416171319826
363,8937-12704,5.502018631132168,0.0,-0.31416017,0.0,-0.31416017,-0.0033033693483265924,9.473044802124477
364,8937-6102,2.9048846106541157,0.0,-1.3702776,0.0,-1.3702776,-0.05168933296374693,1.5827878523338732
365,8938-12705,2.743565923306587,0.0,-1.966967,0.0,-1.966967,-0.08317951774140409,4.786881508600061
366,8939-6101,2.5702494833226623,0.0,-0.38497114,0.0,-0.38497114,-0.018549309237099857,2.580628792758633
367,8940-12703,4.88795074050441,0.0,-0.05399973,0.0,-0.05399973,-0.0007194292153990179,8.091431152912998
368,8940-12705,7.506873524463334,0.0,-0.16035506,0.0,-0.16035506,-0.0009057630533049323,5.753151743200551
369,8941-12704,3.911777261681689,0.0,-0.919437,0.0,-0.919437,-0.01912598734166073,3.417770359272845
370,8941-6102,3.667234311701527,0.0,-0.67568177,0.0,-0.67568177,-0.015992450319185753,5.244354781690394
371,8942-1901,3.58404967808889,0.0,-0.6614796,0.0,-0.6614796,-0.016391493880304517,3.8580161470197414
372,8942-6103,3.0275798003995145,0.0,-0.4484477,0.0,-0.4484477,-0.015572944448272001,4.11049145792854
373,8943-1901,1.969847421031578,0.0,-0.1924709,0.0,-0.1924709,-0.015788832330980513,12.84061272787454
374,8944-12702,6.77444578042966,0.0,0.22346169,0.0,0.22346169,0.0015499070689730474,5.968470915000269
375,8944-12705,6.537336812417426,0.0,0.15226491,0.0,0.15226491,0.00113409185050269,7.878283988817969
376,8944-3701,6.141978448832195,0.0,-0.08174402,0.0,-0.08174402,-0.0006897465812866009,6.029630694304165
377,8944-6101,3.8536104261115183,0.0,-0.23728627,0.0,-0.23728627,-0.005086126055494879,2.9205099237334515
378,8945-12704,7.523566943549357,0.0,-1.2205069,0.0,-1.2205069,-0.006863454981112087,6.598189944609679
379,8945-9101,4.754060071005908,0.0,-0.06806261,0.0,-0.06806261,-0.000958582292281312,6.483244468750266
380,8946-12704,4.354500822756024,0.0,-0.5011905,0.0,-0.5011905,-0.008413490129948808,1.936775320698278
381,8946-3702,2.588990789670969,0.0,-1.017191,0.0,-1.017191,-0.048304951205558236,3.482981941086474
382,8947-12701,14.196201726892438,0.0,0.50813955,0.0,0.50813955,0.0008025808675422665,21.831082369915052
383,8947-12705,7.610642966385436,0.0,-0.25017008,0.0,-0.25017008,-0.0013748103745119472,4.065160927140891
384,8950-12701,5.7556114413767405,0.0,0.0530728,0.0,0.0530728,0.0005099636081698593,5.85877748582466
385,8950-12705,5.7138759875868,0.0,0.18264627,0.0,0.18264627,0.0017807351238676304,8.69629557444194
386,8950-1901,2.4916366984100207,0.0,-0.046462,0.0,-0.046462,-0.0023822019987575936,7.688926149157739
387,8950-9101,4.444247231871354,0.0,-0.73484844,0.0,-0.73484844,-0.011842720578769929,3.3949788973921047
388,8977-12701,13.419631804349944,0.0,0.61190474,0.0,0.61190474,0.0010815652979963737,5.697979393937457
389,8977-12704,3.0295975640194657,0.0,-2.7652407,0.0,-2.7652407,-0.09589880093719039,12.710941342819524
390,8978-12701,11.610164532946312,0.0,-0.16438358,0.0,-0.16438358,-0.0003881787888204364,13.565284032133388
391,8978-12704,7.326051069729829,0.0,-0.4520977,0.0,-0.4520977,-0.002681282383017426,6.770708864096413
392,8978-6102,4.928133959474797,0.0,-0.46709666,0.0,-0.46709666,-0.006121979582249227,4.997285808946042
393,8979-6101,4.372101564697979,0.0,-0.14454983,0.0,-0.14454983,-0.0024070617603590464,7.538905657621369
394,8980-9101,4.92111375734012,0.0,0.070000075,0.0,0.070000075,0.0009200720177571777,12.820527952734295
395,8980-9102,4.190621526495338,0.0,-0.58063644,0.0,-0.58063644,-0.010524404644727595,3.430771806389243
396,8981-12704,4.644377696083644,0.0,-0.81854284,0.0,-0.81854284,-0.012079152902024961,2.4961983925550615
397,8981-1902,1.8409933131657448,0.0,-1.025974,0.0,-1.025974,-0.09635673488849741,2.0238707693796734
398,8981-3703,2.587796909913016,0.0,0.0040160795,0.0,0.0040160795,0.0001908938978635953,12.66413954365126
399,8981-9102,4.222375954319927,0.0,-0.7771185,0.0,-0.7771185,-0.013874699251479787,2.066499799889512
400,8982-12701,6.056392758758589,0.0,-0.49331304,0.0,-0.49331304,-0.004280994438124891,2.291828429584476
401,8982-12702,3.9374146434790815,0.0,-0.67822343,0.0,-0.67822343,-0.01392517342665053,3.8862188809688183
402,8983-6103,3.947398238772047,0.0,-0.52874315,0.0,-0.52874315,-0.010801224517479049,3.1677191159811753
403,8984-6101,3.655934962131164,0.0,-0.45630515,0.0,-0.45630515,-0.010866972592587835,4.191658429195051
404,8985-12704,3.417120119912593,0.0,-0.8108185,0.0,-0.8108185,-0.022103104747993665,3.4185486680658497
405,8986-12703,5.089634634853738,0.0,-0.7535211,0.0,-0.7535211,-0.009259175633725795,8.275464374036297
406,8986-12705,4.930531585618955,0.0,-0.21028022,0.0,-0.21028022,-0.00275334776591044,5.376513102482017
407,8987-12703,8.392478831088523,0.0,0.10597008,0.0,0.10597008,0.0004789088571549901,7.082476572997572
408,8987-12704,6.307750641492008,0.0,-0.6149193,0.0,-0.6149193,-0.004919480257062707,2.879392759603676
409,8987-12705,5.716775234923947,0.0,-0.5901448,0.0,-0.5901448,-0.005747864038367727,4.665195189896046
410,8987-3704,3.5927947669105813,0.0,-0.72612447,0.0,-0.72612447,-0.017905909210039726,2.141375933260572
411,8987-6101,2.703299337139097,0.0,-1.1275251,0.0,-1.1275251,-0.049112050463582246,2.169733575855316
412,8988-12702,5.612691783945131,0.0,-1.184009,0.0,-1.184009,-0.011963623214864764,1.6995861699650494
413,8988-12703,8.266272350647018,0.0,0.41782424,0.0,0.41782424,0.0019463652300210404,21.158966037354503
414,8988-1901,3.8628684655264536,0.0,-1.5321229,0.0,-1.5321229,-0.03268314770137554,1.8013167133094008
415,8988-3701,3.3563051512811977,0.0,-0.84373206,0.0,-0.84373206,-0.02384140248660805,3.459384026034514
416,8990-12701,5.546162101784975,0.0,-0.13246578,0.0,-0.13246578,-0.0013707830003748215,8.74280434091285
417,8990-12704,8.229735636142168,0.0,-0.28614438,0.0,-0.28614438,-0.001344818182601993,4.063188792049821
418,8992-12701,6.2401527062053,0.0,1.1242081,0.0,1.1242081,0.009189807181904668,17.512323609496264
419,8992-12702,7.2219444987296875,0.0,0.42513108,0.0,0.42513108,0.0025945658222423823,7.56627305924779
420,8992-3703,3.0891921137571408,0.0,-0.6628049,0.0,-0.6628049,-0.02210782427004101,2.5402933432570354
421,8993-6101,3.3676740502344393,0.0,-1.1676369,0.0,-1.1676369,-0.03277161370454624,1.892262568947257
422,8993-6102,2.920240079682257,0.0,-0.6023958,0.0,-0.6023958,-0.0224851054415813,3.5043669754073523
423,8993-6104,2.808094024723866,0.0,0.90726084,0.0,0.90726084,0.036623428649983455,2.2071696472177136
424,8994-12704,8.959910533798265,0.0,-0.8266665,0.0,-0.8266665,-0.003277729471037713,2.5492092058559987
425,8995-9101,7.727969227530935,0.0,0.152675,0.0,0.152675,0.0008137430564889055,2.373888729475399
426,8996-12701,6.043477480552269,0.0,-0.2974865,0.0,-0.2974865,-0.0025926482154715255,9.808448493718352
427,8996-12702,11.611456641158727,0.0,0.05024529,0.0,0.05024529,0.00011862386337947206,5.784637317310088
428,8996-12704,5.759709053978406,0.0,-0.49199998,0.0,-0.49199998,-0.004720783935097646,3.4982835065038533
429,8996-6102,5.589051913518701,0.0,-0.043103203,0.0,-0.043103203,-0.0004392212926800983,27.797856874628792
430,8997-12703,4.402980874641301,0.0,-1.2993976,0.0,-1.2993976,-0.02133529172473041,2.0857013159415163
431,8997-6103,3.5426301655510364,0.0,-0.4776381,0.0,-0.4776381,-0.01211427568634905,5.227505388697446
432,8998-3703,1.8399846087914522,0.0,-1.3548127,0.0,-1.3548127,-0.12737993389692626,2.507966535031856
433,8998-6102,3.2005299259227655,0.0,-0.5125806,0.0,-0.5125806,-0.015928265471830703,3.990626562470127
434,8999-12705,2.172130976143785,0.0,-1.4142473,0.0,-1.4142473,-0.095412101111211,
435,8999-3704,2.3311950655126306,0.0,-0.5790412,0.0,-0.5790412,-0.03391582221510277,5.191368823499093
436,8999-9101,1.8399846087914522,0.0,-1.3548127,0.0,-1.3548127,-0.12737993389692626,3.6889360168650995
437,9000-12705,6.602554814795411,0.0,-0.16078655,0.0,-0.16078655,-0.0011740208896116795,7.6682859806792365
438,9001-6102,3.2959024623998685,0.0,-0.7531632,0.0,-0.7531632,-0.022069400102414042,1.747391248239212
439,9002-9102,2.647676813374324,0.0,-0.93029094,0.0,-0.93029094,-0.04224146513349528,3.333888470124587
440,9024-12702,5.651810465428565,0.0,-0.40696976,0.0,-0.40696976,-0.004055431633237268,6.082854163960859
441,9024-9102,17.197498889206816,0.0,0.32181215,0.0,0.32181215,0.00034635541976872316,15.1883256716007
442,9029-6104,4.049774663923987,0.0,-1.0690366,0.0,-1.0690366,-0.02074822670262066,2.190442847884826
443,9030-1901,2.3587937795001066,0.0,-1.6964912,0.0,-1.6964912,-0.09705586879507817,0.0
444,9031-12704,5.720542078718011,0.0,0.31704044,0.0,0.31704044,0.003083829971865069,10.090078380273027
445,9032-3703,9.035077469280184,0.0,-0.06908496,0.0,-0.06908496,-0.00026938279774965955,8.059723134161702
446,9032-9102,3.777157137193064,0.0,-0.5917856,0.0,-0.5917856,-0.013203358704872685,16.3645913176138
447,9033-3702,2.7074277329343457,0.0,-0.6419432,0.0,-0.6419432,-0.027876162965223973,5.959841020424149
448,9034-3703,2.85677637610953,0.0,-1.7356666,0.0,-1.7356666,-0.06769614684974304,
449,9034-6103,4.528138715711382,0.0,-1.0913533,0.0,-1.0913533,-0.016942443535692336,1.8306945685176004
450,9035-12704,5.480296070694556,0.0,-0.25553975,0.0,-0.25553975,-0.0027083235190046907,2.5503077402450103
451,9035-3702,2.6628188054545943,0.0,-0.46873003,0.0,-0.46873003,-0.02104212891796404,4.838609136287651
452,9035-9102,4.366694894031041,0.0,-0.48898023,0.0,-0.48898023,-0.008162735692828738,2.5316624742787766
453,9037-12701,4.080093054587681,0.0,-0.7156337,0.0,-0.7156337,-0.013683612558471243,2.1403282309399247
454,9037-9102,7.21472086294309,0.0,-0.3954803,0.0,-0.3954803,-0.002418443366449371,5.551604530771276
455,9038-12704,5.061090085328437,0.0,-0.37567568,0.0,-0.37567568,-0.004668475362446473,3.486040593247818
456,9038-3701,4.204015618586097,0.0,-0.20220399,0.0,-0.20220399,-0.003641759020515146,3.7894463553031272
457,9038-9101,3.708443876219453,0.0,-0.82893443,0.0,-0.82893443,-0.019186108003084804,3.3155451155977698
458,9038-9102,3.540432113985545,0.0,-0.7221773,0.0,-0.7221773,-0.018339244211159147,3.003303875268092
459,9040-12703,7.2881971691127845,0.0,-0.70849043,0.0,-0.70849043,-0.0042456470756134295,2.6080347467823355
460,9040-12704,7.23234422356075,0.0,0.060858715,0.0,0.060858715,0.0003703520316545809,5.272174232305387
461,9042-12701,6.426296792222892,0.0,0.05846471,0.0,0.05846471,0.00045063235075587965,7.8876355733620755
462,9047-12705,5.875117656298551,0.0,0.7451505,0.0,0.7451505,0.0068716493769644385,20.166350810201465
463,9047-9101,4.590961794805704,0.0,-0.74099994,0.0,-0.74099994,-0.011190795024395206,2.387391539743205
464,9048-12702,6.679348016713958,0.0,-0.8065215,0.0,-0.8065215,-0.005754371795394074,3.1006703464441623
465,9048-12703,8.127586217160239,0.0,-0.017036939,0.0,-0.017036939,-8.209534388714889e-05,8.692337884340697
466,9050-12701,6.0210266056349555,0.0,-0.4422221,0.0,-0.4422221,-0.003882839742454989,3.064137484249503
467,9050-12703,12.15598988639341,0.0,-0.64435035,0.0,-0.64435035,-0.0013880066147990513,3.5036141004906813
468,9085-12702,6.055850436228056,0.0,-0.3280345,0.0,-0.3280345,-0.0028472090461747696,4.597715457994764
469,9085-9102,3.7615504742942347,0.0,-0.75073963,0.0,-0.75073963,-0.016889067992341602,3.5177708287553573
470,9086-12701,9.517980021586368,0.0,-1.606796,0.0,-1.606796,-0.0056457455198503925,7.399597847286294
471,9086-12705,4.923444424355385,0.0,-0.3150404,0.0,-0.3150404,-0.004136931318029841,5.344633173514225
472,9086-6102,3.8058710287299906,0.0,-0.02069295,0.0,-0.02069295,-0.0004547413051860641,12.539496453113317
473,9087-12703,7.2815382058405405,0.0,-0.3224136,0.0,-0.3224136,-0.0019356070992373755,2.9960658355217364
474,9087-9102,5.149793728330358,0.0,-0.5657607,0.0,-0.5657607,-0.006790522838520771,2.4094354215602682
475,9088-12701,12.006907785082944,0.0,0.6986325,0.0,0.6986325,0.0015425404046892316,16.185758767867917
476,9088-12703,7.171094506643662,0.0,-0.74699247,0.0,-0.74699247,-0.004623761862471997,3.564439736942699
477,9089-3704,3.4049201898352197,0.0,-0.14054826,0.0,-0.14054826,-0.0038588840060881273,3.9591887064876197
478,9090-12703,7.58417302626075,0.0,-1.1079166,0.0,-1.1079166,-0.006131132888368569,3.056461956705228
479,9090-1902,2.2897402173824486,0.0,-0.45195678,0.0,-0.45195678,-0.02743939979693031,5.8170182419234315
480,9091-12703,5.687547073212538,0.0,0.034386747,0.0,0.034386747,0.0003383694980524405,6.4606457679476605
481,9091-12704,11.152200993824904,0.0,0.9470152,0.0,0.9470152,0.0024237393445042917,10.217383257714735
482,9091-6103,3.2253399042559616,0.0,-0.6465687,0.0,-0.6465687,-0.019783987780587764,5.223713026999772
483,9091-9101,4.4865474272608585,0.0,-0.060174808,0.0,-0.060174808,-0.0009515690625643918,6.472128080888904
484,9094-12701,7.3671814805920395,0.0,-0.23925921,0.0,-0.23925921,-0.0014031886432516539,1.968123399953784
485,9094-12705,7.318317991490338,0.0,-0.14010607,0.0,-0.14010607,-0.0008326922388935146,3.6764918676388976
486,9095-6104,3.983427649216629,0.0,-0.14795682,0.0,-0.14795682,-0.0029680502129465634,10.227472698617278
487,9181-12705,15.077653616541408,0.0,-1.2616197,0.0,-1.2616197,-0.0017664895020837361,5.688781730440985
488,9181-9102,4.390439402792953,0.0,-0.72168446,0.0,-0.72168446,-0.011917399655378353,4.548733236508354
489,9182-12702,5.898504283926936,0.0,0.105898805,0.0,0.105898805,0.0009688518842210111,12.83696510013919
490,9182-12705,5.791439689998847,0.0,-0.25237387,0.0,-0.25237387,-0.002395087839292933,3.4010105581502392
491,9184-12702,4.896406760340599,0.0,-0.78973407,0.0,-0.78973407,-0.010485183162917699,4.256986153062487
492,9184-12703,5.37045864074287,0.0,-0.50306857,0.0,-0.50306857,-0.0055520651855561366,3.802225868730652
493,9184-3701,2.535347068735035,0.0,-1.5924137,0.0,-1.5924137,-0.0788553537556038,5.011961200455686
494,9184-3704,3.6392410651383407,0.0,0.45322272,0.0,0.45322272,0.010892815634283372,17.718486263249055
495,9184-6104,5.9720591194104875,0.0,-0.05749254,0.0,-0.05749254,-0.0005131134767032012,3.4677618331751487
496,9185-3704,8.432888140709224,0.0,0.92607117,0.0,0.92607117,0.004145164888868417,5.497691105030647
497,9186-12703,6.017836249679315,0.0,-1.3605713,0.0,-1.3605713,-0.011958885004714197,2.875772176878631
498,9188-12701,6.358617711584332,0.0,-0.5816175,0.0,-0.5816175,-0.004578910373066846,5.663835298769436
499,9188-12705,3.1168393887726564,0.0,-0.63059527,0.0,-0.63059527,-0.02066198237655981,3.926300211700881
500,9189-12701,5.1758741696644455,0.0,-0.35441688,0.0,-0.35441688,-0.004211115007635484,7.277834832079455
501,9189-6104,3.746330470880219,0.0,-0.8153844,0.0,-0.8153844,-0.01849270108493086,1.9821926520516708
502,9190-12702,12.592839498986597,0.0,-0.28333315,0.0,-0.28333315,-0.0005687222048378736,6.013851346874295
503,9190-12705,5.819014801863914,0.0,-0.6824561,0.0,-0.6824561,-0.006415432032765747,22.28178408460914
504,9190-3703,2.6957139776605192,0.0,-0.32808203,0.0,-0.32808203,-0.014370932290540303,6.407369111896476
505,9190-9102,3.1146023404996956,0.0,-0.84531635,0.0,-0.84531635,-0.02773730010626975,4.124319658086814
506,9192-1901,2.6572805175893657,0.0,-0.4329364,0.0,-0.4329364,-0.019516387036660483,9.505476907376403
507,9193-12702,8.238999445751892,0.0,0.024337443,0.0,0.024337443,0.00011412377270076415,187.970101298527
508,9193-9102,3.9554854812033526,0.0,-0.10286335,0.0,-0.10286335,-0.002092720351276487,4.056782252465358
509,9194-12702,10.53024463949928,0.0,0.024337443,0.0,0.024337443,6.986314716732617e-05,32.85326189843429
510,9195-12701,4.387077496668734,0.0,-0.946774,0.0,-0.946774,-0.015658344386285956,3.300980705896773
511,9195-12705,4.15972647993928,0.0,-0.7819633,0.0,-0.7819633,-0.014384903147668436,8.2245733758336
512,9196-12704,9.015160019006329,0.0,-0.5441603,0.0,-0.5441603,-0.0021312289495793936,4.238527992747987
513,9485-12702,4.603747716204969,0.0,-0.7688157,0.0,-0.7688157,-0.01154647277329908,3.5608152871549192
514,9485-3701,2.7353241226773033,0.0,0.34609637,0.0,0.34609637,0.014724127732861763,7.2668117134512755
515,9486-12703,5.323485081413409,0.0,-0.47134492,0.0,-0.47134492,-0.005294157698041638,5.278661398400233
516,9486-12704,4.556973773462451,0.0,-0.42835358,0.0,-0.42835358,-0.006565978673623618,9.893967049168868
517,9486-9102,4.5545761072784385,0.0,-0.26861587,0.0,-0.26861587,-0.004121790086533062,6.633879375888939
518,9488-12701,6.2729634935967304,0.0,-0.32350972,0.0,-0.32350972,-0.0026169290294773217,6.4854444648685305
519,9488-12704,3.2218540855518496,0.0,-1.023913,0.0,-1.023913,-0.031397962015149126,1.966183688664511
520,9491-12702,7.133844926230613,0.0,-1.0239474,0.0,-1.0239474,-0.006404429187293715,2.853180850700167
521,9491-12703,6.364752608550018,0.0,-0.35145447,0.0,-0.35145447,-0.002761570526227964,6.097852854185646
522,9491-6102,3.3619933749219193,0.0,-1.1129833,0.0,-1.1129833,-0.03134332649113325,3.0601547622794154
523,9493-3702,1.8750168755763632,0.0,-0.8529922,0.0,-0.8529922,-0.07722978286747635,4.406651785094174
524,9494-12701,3.2599231019183184,0.0,-1.0138968,0.0,-1.0138968,-0.030368908159458845,2.6337972553230666
525,9494-12702,4.041392842872639,0.0,-0.69111663,0.0,-0.69111663,-0.013469123506380258,8.261443786346343
526,9494-12703,4.173934795629653,0.0,-0.6098108,0.0,-0.6098108,-0.011141763586431366,4.478732642405843
527,9494-12704,8.647757346914961,0.0,0.235965,0.0,0.235965,0.001004363045508605,15.416895283633785
528,9494-6102,2.2511884133677116,0.0,-1.6607805,0.0,-1.6607805,-0.10431306045638497,2.386053380402377
529,9495-12705,5.418281729226342,0.0,-1.739313,0.0,-1.739313,-0.0188583940481212,3.8174592020695743
530,9496-12702,6.497484633049592,0.0,-0.22044662,0.0,-0.22044662,-0.0016621225535832197,4.255839482655591
531,9496-12703,9.304115378985475,0.0,-0.82359135,0.0,-0.82359135,-0.00302838948803829,4.330831810012432
532,9496-1901,3.6098780670070894,0.0,-0.8951755,0.0,-0.8951755,-0.021866197045940956,3.8336105382234074
533,9497-12702,8.77173877568162,0.0,-0.6730047,0.0,-0.6730047,-0.002784176967333587,2.5342743534407757
534,9498-12703,5.693396340437255,0.0,-0.16221806,0.0,-0.16221806,-0.001592965997631905,5.550307050241607
535,9499-12704,7.875651499761454,0.0,-2.1594222,0.0,-2.1594222,-0.011081912085363145,5.982321500530276
536,9500-12703,11.478099559528097,0.0,0.16628803,0.0,0.16628803,0.00040176411991080116,6.323087782382329
537,9500-3701,4.9916544150129,0.0,-0.96732014,0.0,-0.96732014,-0.012357520467306756,2.6646641715556783
538,9501-3703,3.421024313171066,0.0,-1.0061404,0.0,-1.0061404,-0.02736505797775201,12.279623761461355
539,9502-12704,6.528486645084541,0.0,-99.0,0.0,-99.0,-0.7393673727008719,1.9010018412653134
540,9502-12705,8.43596721905455,0.0,-99.0,0.0,-99.0,-0.4428080983966288,5.93301239401962
541,9502-1901,2.6684210884282438,0.0,-0.553724,0.0,-0.553724,-0.024753393128461743,5.243602617768342
542,9505-12702,4.976287288528642,0.0,-1.0749999,0.0,-1.0749999,-0.013818079051676398,2.0486945956341214
543,9505-3703,2.9801162881620575,0.0,-1.668085,0.0,-1.668085,-0.05978632747004601,3.702274680087593
544,9505-6102,3.6184487769301033,0.0,-0.17311908,0.0,-0.17311908,-0.00420872172988315,7.010348832657888
545,9505-9102,4.280827189444082,0.0,-0.6004999,0.0,-0.6004999,-0.01043056164758135,4.7572255100727325
546,9506-9102,4.730429152079103,0.0,-0.4596225,0.0,-0.4596225,-0.006538081430460691,7.564487091176192
547,9507-12701,6.640165618203013,0.0,-0.48452374,0.0,-0.48452374,-0.0034978998267452053,6.715482361129235
548,9509-12702,5.146472416908501,0.0,-0.6561829,0.0,-0.6561829,-0.00788598101352135,4.253905129022512
549,9509-6101,4.080556670297812,0.0,-0.6028707,0.0,-0.6028707,-0.011524855245491013,2.502671688855362
550,9510-12702,4.346938727499396,0.0,-0.58968043,0.0,-0.58968043,-0.009933443075817498,3.9806970735434053
551,9510-6101,6.630517280185563,0.0,-0.21815908,0.0,-0.21815908,-0.001579532613345534,23.835402690199594
552,9512-9101,4.890231706747398,0.0,-0.17633684,0.0,-0.17633684,-0.002347114661675315,5.704993619294513
553,9514-12705,5.60186199592197,0.0,-0.16996196,0.0,-0.16996196,-0.001723999138971754,5.441704484739377
554,9865-6101,1.906853223867734,0.0,-0.988167,0.0,-0.988167,-0.08650594158821054,3.8527377479561222
555,9866-12702,9.935192759404664,0.0,-0.0904668,0.0,-0.0904668,-0.00029173379943403635,7.038492175752019
556,9866-9102,8.289338258409991,0.0,-0.19509329,0.0,-0.19509329,-0.0009037592049872455,3.3480188653635095
557,9867-12701,6.738144417696896,0.0,-0.4868821,0.0,-0.4868821,-0.0034134480471814045,3.966504040138737
558,9867-12703,5.516058756318631,0.0,-0.31653723,0.0,-0.31653723,-0.0033114420502870726,4.272058710220092
559,9867-9102,4.959977079759035,0.0,-0.7997188,0.0,-0.7997188,-0.010347325050862713,8.566389354658504
560,9868-1902,2.216044814725814,0.0,-0.78882873,0.0,-0.78882873,-0.05112999728869891,3.0448703358047124
561,9869-12701,4.258244616378287,0.0,-1.2517858,0.0,-1.2517858,-0.021974495867700533,2.637697823590132
562,9869-12705,4.427520032329861,0.0,-0.65904397,0.0,-0.65904397,-0.010701470210751404,4.481735744713353
563,9870-12704,4.0122484665777645,0.0,-1.5562886,0.0,-1.5562886,-0.030772630635020178,2.79432629993089
564,9870-12705,4.69172529005575,0.0,-0.7756376,0.0,-0.7756376,-0.011216150946098069,4.403879965543629
565,9871-1902,5.524453273383578,0.0,-1.1480685,0.0,-1.1480685,-0.01197400229857657,1.931068181966427
566,9871-3702,3.285754455720082,0.0,-0.6130705,0.0,-0.6130705,-0.018075500306058978,4.506628959500311
567,9871-9101,3.276236554523067,0.0,-0.6375629,0.0,-0.6375629,-0.018907000759117134,16.207593915073844
568,9872-12702,5.8588703899693755,0.0,-0.38190478,0.0,-0.38190478,-0.0035414200449577237,3.1386332432287176
569,9872-12705,7.627362904344237,0.0,-0.19184086,0.0,-0.19184086,-0.0010496449319300286,3.3217307310420434
570,9872-6103,4.977392958099067,0.0,-1.0177665,0.0,-1.0177665,-0.013076587095923818,15.292235341750743
571,9872-6104,5.071564808425984,0.0,-1.0890495,0.0,-1.0890495,-0.013477637508292076,2.485033612644297
572,9877-3702,2.499660540388481,0.0,-0.7459641,0.0,-0.7459641,-0.03800195955068144,4.249825201769193
573,9877-3703,2.368568321705932,0.0,-1.661111,0.0,-1.661111,-0.094249042692215,
574,9878-12703,5.1908760666305085,0.0,-0.1119341,0.0,-0.1119341,-0.0013223037533304817,4.043563657394025
575,9878-12704,5.583632109254912,0.0,0.10164465,0.0,0.10164465,0.0010377698770015523,12.056415598895898
576,9879-12703,3.996275021524169,0.0,-0.24473682,0.0,-0.24473682,-0.00487796526915228,5.214632065576289
577,9880-12705,4.28869803243775,0.0,-0.5591785,0.0,-0.5591785,-0.009677198128225565,3.366989231913185
578,9884-12704,3.2142999632324707,0.0,-0.67361444,0.0,-0.67361444,-0.020753373900802438,6.540705383950716
579,9884-12705,5.560286708712193,0.0,0.1534092,0.0,0.1534092,0.0015794546278359598,4.574309942898278
580,9885-12701,9.287630982989395,0.0,-0.63071626,0.0,-0.63071626,-0.0023274172792033193,2.303156517506996
581,9885-12704,5.283878353490101,0.0,-0.579649,0.0,-0.579649,-0.0066086016682887485,3.7335415747238585
582,9885-12705,6.986797241573,0.0,-0.02025305,0.0,-0.02025305,-0.00013206394459966007,11.690111009233082
583,9885-6103,5.119637902250497,0.0,-0.69099706,0.0,-0.69099706,-0.00839165920274377,3.7165051277817582
584,9886-1901,6.585829136624391,0.0,-0.7875967,0.0,-0.7875967,-0.00578007000291077,0.07261914776373708
585,9886-6102,3.380995639843308,0.0,-0.94575816,0.0,-0.94575816,-0.026335465835505285,2.6457160101227837
586,9886-6104,3.433224748077999,0.0,-0.35750982,0.0,-0.35750982,-0.009654585564111466,5.409542246321868
587,9887-12701,5.89807667073919,0.0,0.2897299,0.0,0.2897299,0.002651078612740262,5.254541916532279
588,9889-12704,6.546411191277554,0.0,-0.07724701,0.0,-0.07724701,-0.0005737533534015953,4.2036148747070925
589,9889-6101,4.535483859989184,0.0,-0.72853017,0.0,-0.72853017,-0.011273283178782399,2.8810636852377955
590,9891-6102,5.069033598243091,0.0,0.37557077,0.0,0.37557077,0.004652555655092137,4.958899173069561
591,9893-12704,5.762036570357231,0.0,-0.46766654,0.0,-0.46766654,-0.00448367785982116,2.256723974100005
592,9893-6102,3.6944140895759623,0.0,-0.89320993,0.0,-0.89320993,-0.020831115561789782,3.8288728704728863
593,9893-9102,4.124957768606228,0.0,-0.6274648,0.0,-0.6274648,-0.011738171803344282,3.810757731196685
594,9894-12703,4.606741528832344,0.0,0.9201397,0.0,0.9201397,0.01380117905870495,12.871888087682528
595,9894-12705,5.12995286358469,0.0,-0.20917538,0.0,-0.20917538,-0.0025300781771506325,5.5660873066142855
